{
  "scenario_pv": {
    "hw_mc_path_0000": 2163226.051433165,
    "hw_mc_path_0001": 2173153.1601944705,
    "hw_mc_path_0002": 2172055.2468301356,
    "hw_mc_path_0003": 2172853.8047714094,
    "hw_mc_path_0004": 2170671.135097805,
    "hw_mc_path_0005": 2168470.0144737517,
    "hw_mc_path_0006": 2176132.4301968873,
    "hw_mc_path_0007": 2158240.062118672,
    "hw_mc_path_0008": 2173071.16948548,
    "hw_mc_path_0009": 2153015.035787772,
    "hw_mc_path_0010": 2171827.2842509295,
    "hw_mc_path_0011": 2177519.460003724,
    "hw_mc_path_0012": 2156252.077862085,
    "hw_mc_path_0013": 2133555.0781302745,
    "hw_mc_path_0014": 2163855.0448722085,
    "hw_mc_path_0015": 2159123.627166724,
    "hw_mc_path_0016": 2169869.8630688195,
    "hw_mc_path_0017": 2167591.6544567174,
    "hw_mc_path_0018": 2156510.320030103,
    "hw_mc_path_0019": 2164611.927094996,
    "hw_mc_path_0020": 2159868.6772877225,
    "hw_mc_path_0021": 2142826.354441989,
    "hw_mc_path_0022": 2163041.0712221665,
    "hw_mc_path_0023": 2153589.2729569734,
    "hw_mc_path_0024": 2154315.460613851,
    "hw_mc_path_0025": 2160017.5936070434,
    "hw_mc_path_0026": 2170470.0324526913,
    "hw_mc_path_0027": 2138553.7814277615,
    "hw_mc_path_0028": 2172986.985198087,
    "hw_mc_path_0029": 2147851.295266489,
    "hw_mc_path_0030": 2157421.0083224736,
    "hw_mc_path_0031": 2158386.520565835,
    "hw_mc_path_0032": 2164252.2441863045,
    "hw_mc_path_0033": 2154590.533414444,
    "hw_mc_path_0034": 2173061.8189472775,
    "hw_mc_path_0035": 2125714.109697784,
    "hw_mc_path_0036": 2171177.757635763,
    "hw_mc_path_0037": 2161854.3723334544,
    "hw_mc_path_0038": 2168000.275352736,
    "hw_mc_path_0039": 2146901.7320445166,
    "hw_mc_path_0040": 2164972.8892561123,
    "hw_mc_path_0041": 2173390.7419007365,
    "hw_mc_path_0042": 2158880.9185871473,
    "hw_mc_path_0043": 2153521.3658244484,
    "hw_mc_path_0044": 2174808.80628641,
    "hw_mc_path_0045": 2171209.4460821487,
    "hw_mc_path_0046": 2176133.5787493475,
    "hw_mc_path_0047": 2169304.324843402,
    "hw_mc_path_0048": 2170342.8685661745,
    "hw_mc_path_0049": 2146277.4217424565
  },
  "portfolio_pv_distribution": [
    2163226.051433165,
    2173153.1601944705,
    2172055.2468301356,
    2172853.8047714094,
    2170671.135097805,
    2168470.0144737517,
    2176132.4301968873,
    2158240.062118672,
    2173071.16948548,
    2153015.035787772,
    2171827.2842509295,
    2177519.460003724,
    2156252.077862085,
    2133555.0781302745,
    2163855.0448722085,
    2159123.627166724,
    2169869.8630688195,
    2167591.6544567174,
    2156510.320030103,
    2164611.927094996,
    2159868.6772877225,
    2142826.354441989,
    2163041.0712221665,
    2153589.2729569734,
    2154315.460613851,
    2160017.5936070434,
    2170470.0324526913,
    2138553.7814277615,
    2172986.985198087,
    2147851.295266489,
    2157421.0083224736,
    2158386.520565835,
    2164252.2441863045,
    2154590.533414444,
    2173061.8189472775,
    2125714.109697784,
    2171177.757635763,
    2161854.3723334544,
    2168000.275352736,
    2146901.7320445166,
    2164972.8892561123,
    2173390.7419007365,
    2158880.9185871473,
    2153521.3658244484,
    2174808.80628641,
    2171209.4460821487,
    2176133.5787493475,
    2169304.324843402,
    2170342.8685661745,
    2146277.4217424565
  ],
  "pvat_risk": 47963.27577401977,
  "confidence": 0.99
}